dataset,best_classifier,accuracy_mean,f1_mean
diabetes,SVM,0.7513157894736843,0.7421137875213238
iris,SVM,0.9466666666666667,0.9461952861952861
winequality,Decision Tree,0.6263816201327157,0.6251396302791479
zoo,Decision Tree,0.95,0.9433333333333334
