classifier,accuracy,precision,recall,f1-score,support
Decision Tree,0.70703125,0.7110846371716878,0.70703125,0.7087883013809687,768.0
kNN,0.7408854166666666,0.7378410929685201,0.7408854166666666,0.7390700000630339,768.0
SVM,0.7513020833333334,0.744220863540784,0.7513020833333334,0.742849240215147,768.0
