classifier,accuracy,precision,recall,f1-score,support
Decision Tree,0.7252604166666666,0.7259853323508084,0.7252604166666666,0.725611648644139,768.0
kNN,0.72265625,0.7144540410169911,0.72265625,0.715918531168692,768.0
SVM,0.7643229166666666,0.7618526158355415,0.7643229166666666,0.7496113211372459,768.0
