classifier,accuracy,precision,recall,f1-score,support
Decision Tree,0.94,0.9409875551987155,0.94,0.9399459513562207,150.0
kNN,0.9466666666666667,0.9471153846153846,0.9466666666666667,0.9466453247965854,150.0
SVM,0.9466666666666667,0.94718954248366,0.9466666666666667,0.9468640197353068,150.0
