classifier,accuracy,precision,recall,f1-score,support
Decision Tree,0.6263781135157207,0.625274781775181,0.6263781135157207,0.6255665634463684,4898.0
kNN,0.5616578195181707,0.550033166196305,0.5616578195181707,0.5517942694355816,4898.0
SVM,0.57411188240098,0.5627425078752331,0.57411188240098,0.5384523295742968,4898.0
