classifier,accuracy,precision,recall,f1-score,support
Decision Tree,0.9504950495049505,0.9455016930264455,0.9504950495049505,0.945963643983446,101.0
kNN,0.9306930693069307,0.9465732287514466,0.9306930693069307,0.9195001636638279,101.0
SVM,0.9405940594059405,0.9471161401854472,0.9405940594059405,0.9396953513972556,101.0
